HuaiHeDao,HaiTaiFaZhan,0.6715746311478478
HuaiHeDao,XinHuaDao,0.6690149366340209
HuaiHeDao,FuKangLu,0.7752944034486373
HuaiHeDao,JianCeZhongXin,0.7752138926549904
HuaiHeDao,DaZhiGu,0.7976087948915309
HuaiHeDao,XiangShanDao,0.832156109678049
HuaiHeDao,NanJingLu,0.8476768754904981
HuaiHeDao,QinJianDao,0.9337651406278482
HuaiHeDao,QianJinDao,0.76882842215287
HuaiHeDao,NanKouLu,0.9577025418964976
HuaiHeDao,HangTianLu,0.6737542244364507
HuaiHeDao,YueJinLu,0.6533469255693907
HuaiHeDao,QuanZhouNanLu,0.6086561732696693
HaiTaiFaZhan,HuaiHeDao,0.6715746311478478
HaiTaiFaZhan,XinHuaDao,0.8895198044002929
HaiTaiFaZhan,FuKangLu,0.963218634098985
HaiTaiFaZhan,JianCeZhongXin,0.9633720034668284
HaiTaiFaZhan,DaZhiGu,0.7985969441067461
HaiTaiFaZhan,XiangShanDao,0.7229544159306046
HaiTaiFaZhan,NanJingLu,0.8958340217539507
HaiTaiFaZhan,QinJianDao,0.8725117593757433
HaiTaiFaZhan,QianJinDao,0.8942184730995131
HaiTaiFaZhan,NanKouLu,0.807345190348727
HaiTaiFaZhan,JinGuLu,0.4336263170815516
HaiTaiFaZhan,HangTianLu,0.45548364939396563
HaiTaiFaZhan,YueJinLu,0.6435084719721587
HaiTaiFaZhan,BeiWeiErLu,0.5846541719796452
HaiTaiFaZhan,TuanBoWa,0.6680835403501004
XinHuaDao,HuaiHeDao,0.6690149366340209
XinHuaDao,HaiTaiFaZhan,0.8895198044002929
XinHuaDao,FuKangLu,0.8068581235550324
XinHuaDao,JianCeZhongXin,0.8071657902822299
XinHuaDao,DaZhiGu,0.5945627883416642
XinHuaDao,XiangShanDao,0.5412830498362002
XinHuaDao,NanJingLu,0.7379238351508073
XinHuaDao,QinJianDao,0.8324252400181448
XinHuaDao,QianJinDao,0.688839873733458
XinHuaDao,NanKouLu,0.727100903241353
XinHuaDao,YueJinLu,0.4145751747132084
XinHuaDao,BeiWeiErLu,0.5363700746383405
XinHuaDao,TuanBoWa,0.40816448761865104
XinHuaDao,QuanZhouNanLu,0.43430641920903235
FuKangLu,HuaiHeDao,0.7752944034486373
FuKangLu,HaiTaiFaZhan,0.963218634098985
FuKangLu,XinHuaDao,0.8068581235550324
FuKangLu,JianCeZhongXin,0.9999998305340864
FuKangLu,DaZhiGu,0.9232397902034708
FuKangLu,XiangShanDao,0.8681502251113803
FuKangLu,NanJingLu,0.9801267716498796
FuKangLu,QinJianDao,0.93299165204595
FuKangLu,QianJinDao,0.9776052501165653
FuKangLu,NanKouLu,0.9092510587811912
FuKangLu,JinGuLu,0.5380261517821561
FuKangLu,HangTianLu,0.6181886856410271
FuKangLu,YueJinLu,0.7912025592266616
FuKangLu,BeiWeiErLu,0.4341159475361311
FuKangLu,TuanBoWa,0.6346481416213057
JianCeZhongXin,HuaiHeDao,0.7752138926549904
JianCeZhongXin,HaiTaiFaZhan,0.9633720034668284
JianCeZhongXin,XinHuaDao,0.8071657902822299
JianCeZhongXin,FuKangLu,0.9999998305340864
JianCeZhongXin,DaZhiGu,0.9230069181845006
JianCeZhongXin,XiangShanDao,0.8679037665806997
JianCeZhongXin,NanJingLu,0.980031385234174
JianCeZhongXin,QinJianDao,0.93299165204595
JianCeZhongXin,QianJinDao,0.9774839590180147
JianCeZhongXin,NanKouLu,0.9091548290053971
JianCeZhongXin,JinGuLu,0.5377355399693999
JianCeZhongXin,HangTianLu,0.6178357038659015
JianCeZhongXin,YueJinLu,0.7908609560580534
JianCeZhongXin,BeiWeiErLu,0.4343880601705341
JianCeZhongXin,TuanBoWa,0.6346481416213057
DaZhiGu,HuaiHeDao,0.7976087948915309
DaZhiGu,HaiTaiFaZhan,0.7985969441067461
DaZhiGu,XinHuaDao,0.5945627883416642
DaZhiGu,FuKangLu,0.9232397902034708
DaZhiGu,JianCeZhongXin,0.9230069181845006
DaZhiGu,XiangShanDao,0.9869496107323226
DaZhiGu,NanJingLu,0.9714514479219111
DaZhiGu,QinJianDao,0.8753949445426801
DaZhiGu,QianJinDao,0.979084894170764
DaZhiGu,NanKouLu,0.9215670829433175
DaZhiGu,JinGuLu,0.685576706862733
DaZhiGu,HangTianLu,0.8422997808036813
DaZhiGu,YueJinLu,0.9515086739707993
DaZhiGu,TuanBoWa,0.5510165112025335
XiangShanDao,HuaiHeDao,0.832156109678049
XiangShanDao,HaiTaiFaZhan,0.7229544159306046
XiangShanDao,XinHuaDao,0.5412830498362002
XiangShanDao,FuKangLu,0.8681502251113803
XiangShanDao,JianCeZhongXin,0.8679037665806997
XiangShanDao,DaZhiGu,0.9869496107323226
XiangShanDao,NanJingLu,0.9427151691458087
XiangShanDao,QinJianDao,0.8609088505204402
XiangShanDao,QianJinDao,0.9373760429728566
XiangShanDao,NanKouLu,0.9275530815959008
XiangShanDao,JinGuLu,0.6542826626916598
XiangShanDao,HangTianLu,0.9023914241828381
XiangShanDao,YueJinLu,0.9511149568660535
XiangShanDao,TuanBoWa,0.45950843951156906
NanJingLu,HuaiHeDao,0.8476768754904981
NanJingLu,HaiTaiFaZhan,0.8958340217539507
NanJingLu,XinHuaDao,0.7379238351508073
NanJingLu,FuKangLu,0.9801267716498796
NanJingLu,JianCeZhongXin,0.980031385234174
NanJingLu,DaZhiGu,0.9714514479219111
NanJingLu,XiangShanDao,0.9427151691458087
NanJingLu,QinJianDao,0.9532263983198992
NanJingLu,QianJinDao,0.9877746028284723
NanJingLu,NanKouLu,0.9612105247352088
NanJingLu,JinGuLu,0.566663443477149
NanJingLu,HangTianLu,0.7281143444166596
NanJingLu,YueJinLu,0.8580174150580021
NanJingLu,TuanBoWa,0.554695879196616
QinJianDao,HuaiHeDao,0.9337651406278482
QinJianDao,HaiTaiFaZhan,0.8725117593757433
QinJianDao,XinHuaDao,0.8324252400181448
QinJianDao,FuKangLu,0.93299165204595
QinJianDao,JianCeZhongXin,0.93299165204595
QinJianDao,DaZhiGu,0.8753949445426801
QinJianDao,XiangShanDao,0.8609088505204402
QinJianDao,NanJingLu,0.9532263983198992
QinJianDao,QianJinDao,0.8987926572488291
QinJianDao,NanKouLu,0.9815309593990442
QinJianDao,JinGuLu,0.39026596112379053
QinJianDao,HangTianLu,0.6263633575902879
QinJianDao,YueJinLu,0.7104109586906312
QinJianDao,TuanBoWa,0.41532280200501637
QinJianDao,QuanZhouNanLu,0.48345945711659977
QianJinDao,HuaiHeDao,0.76882842215287
QianJinDao,HaiTaiFaZhan,0.8942184730995131
QianJinDao,XinHuaDao,0.688839873733458
QianJinDao,FuKangLu,0.9776052501165653
QianJinDao,JianCeZhongXin,0.9774839590180147
QianJinDao,DaZhiGu,0.979084894170764
QianJinDao,XiangShanDao,0.9373760429728566
QianJinDao,NanJingLu,0.9877746028284723
QianJinDao,QinJianDao,0.8987926572488291
QianJinDao,NanKouLu,0.9111474668547275
QianJinDao,JinGuLu,0.6500114926303363
QianJinDao,HangTianLu,0.7315988285674938
QianJinDao,YueJinLu,0.8946898779866721
QianJinDao,BeiWeiErLu,0.3507492294913668
QianJinDao,TuanBoWa,0.6374075033123481
NanKouLu,HuaiHeDao,0.9577025418964976
NanKouLu,HaiTaiFaZhan,0.807345190348727
NanKouLu,XinHuaDao,0.727100903241353
NanKouLu,FuKangLu,0.9092510587811912
NanKouLu,JianCeZhongXin,0.9091548290053971
NanKouLu,DaZhiGu,0.9215670829433175
NanKouLu,XiangShanDao,0.9275530815959008
NanKouLu,NanJingLu,0.9612105247352088
NanKouLu,QinJianDao,0.9815309593990442
NanKouLu,QianJinDao,0.9111474668547275
NanKouLu,JinGuLu,0.44502536873455056
NanKouLu,HangTianLu,0.7365274308417549
NanKouLu,YueJinLu,0.7869073910149953
NanKouLu,TuanBoWa,0.39359716618952034
NanKouLu,QuanZhouNanLu,0.4556776552971686
JinGuLu,HaiTaiFaZhan,0.4336263170815516
JinGuLu,FuKangLu,0.5380261517821561
JinGuLu,JianCeZhongXin,0.5377355399693999
JinGuLu,DaZhiGu,0.685576706862733
JinGuLu,XiangShanDao,0.6542826626916598
JinGuLu,NanJingLu,0.566663443477149
JinGuLu,QinJianDao,0.39026596112379053
JinGuLu,QianJinDao,0.6500114926303363
JinGuLu,NanKouLu,0.44502536873455056
JinGuLu,DiSiDaJie,0.3614739664870601
JinGuLu,YongMingLu,0.7003757407825806
JinGuLu,HangTianLu,0.6668897346258106
JinGuLu,YueJinLu,0.830439958242627
JinGuLu,TuanBoWa,0.6214239491922046
JinGuLu,TangGuYingKou,0.4998300752608111
HanBeiLu,DiSiDaJie,0.7643814406501445
HanBeiLu,HeXiYiJing,0.8964855040384447
HanBeiLu,TangGuYingKou,0.6642091445566494
DiSiDaJie,JinGuLu,0.3614739664870601
DiSiDaJie,HanBeiLu,0.7643814406501445
DiSiDaJie,HeXiYiJing,0.48711161979353834
DiSiDaJie,TangGuYingKou,0.9690219761655932
YongMingLu,JinGuLu,0.7003757407825806
YongMingLu,YueJinLu,0.3477018154380096
YongMingLu,TuanBoWa,0.4134814855946985
YongMingLu,TangGuYingKou,0.4495397046100822
HangTianLu,HuaiHeDao,0.6737542244364507
HangTianLu,HaiTaiFaZhan,0.45548364939396563
HangTianLu,FuKangLu,0.6181886856410271
HangTianLu,JianCeZhongXin,0.6178357038659015
HangTianLu,DaZhiGu,0.8422997808036813
HangTianLu,XiangShanDao,0.9023914241828381
HangTianLu,NanJingLu,0.7281143444166596
HangTianLu,QinJianDao,0.6263633575902879
HangTianLu,QianJinDao,0.7315988285674938
HangTianLu,NanKouLu,0.7365274308417549
HangTianLu,JinGuLu,0.6668897346258106
HangTianLu,YueJinLu,0.9125538181106667
HangTianLu,TangGuYingKou,0.40040393256836126
YueJinLu,HuaiHeDao,0.6533469255693907
YueJinLu,HaiTaiFaZhan,0.6435084719721587
YueJinLu,XinHuaDao,0.4145751747132084
YueJinLu,FuKangLu,0.7912025592266616
YueJinLu,JianCeZhongXin,0.7908609560580534
YueJinLu,DaZhiGu,0.9515086739707993
YueJinLu,XiangShanDao,0.9511149568660535
YueJinLu,NanJingLu,0.8580174150580021
YueJinLu,QinJianDao,0.7104109586906312
YueJinLu,QianJinDao,0.8946898779866721
YueJinLu,NanKouLu,0.7869073910149953
YueJinLu,JinGuLu,0.830439958242627
YueJinLu,YongMingLu,0.3477018154380096
YueJinLu,HangTianLu,0.9125538181106667
YueJinLu,TuanBoWa,0.5351794835359376
YueJinLu,TangGuYingKou,0.34674624462628195
JianSheLu,BaoBaiGongLu,0.5598999686563709
BaoBaiGongLu,JianSheLu,0.5598999686563709
HeXiYiJing,HanBeiLu,0.8964855040384447
HeXiYiJing,DiSiDaJie,0.48711161979353834
HeXiYiJing,TangGuYingKou,0.39835628944376705
GuangAnDao,BeiWeiErLu,0.7399873826867763
BeiWeiErLu,HaiTaiFaZhan,0.5846541719796452
BeiWeiErLu,XinHuaDao,0.5363700746383405
BeiWeiErLu,FuKangLu,0.4341159475361311
BeiWeiErLu,JianCeZhongXin,0.4343880601705341
BeiWeiErLu,QianJinDao,0.3507492294913668
BeiWeiErLu,GuangAnDao,0.7399873826867763
BeiWeiErLu,TuanBoWa,0.5929744968000472
TuanBoWa,HaiTaiFaZhan,0.6680835403501004
TuanBoWa,XinHuaDao,0.40816448761865104
TuanBoWa,FuKangLu,0.6346481416213057
TuanBoWa,JianCeZhongXin,0.6346481416213057
TuanBoWa,DaZhiGu,0.5510165112025335
TuanBoWa,XiangShanDao,0.45950843951156906
TuanBoWa,NanJingLu,0.554695879196616
TuanBoWa,QinJianDao,0.41532280200501637
TuanBoWa,QianJinDao,0.6374075033123481
TuanBoWa,NanKouLu,0.39359716618952034
TuanBoWa,JinGuLu,0.6214239491922046
TuanBoWa,YongMingLu,0.4134814855946985
TuanBoWa,YueJinLu,0.5351794835359376
TuanBoWa,BeiWeiErLu,0.5929744968000472
TangGuYingKou,JinGuLu,0.4998300752608111
TangGuYingKou,HanBeiLu,0.6642091445566494
TangGuYingKou,DiSiDaJie,0.9690219761655932
TangGuYingKou,YongMingLu,0.4495397046100822
TangGuYingKou,HangTianLu,0.40040393256836126
TangGuYingKou,YueJinLu,0.34674624462628195
TangGuYingKou,HeXiYiJing,0.39835628944376705
QuanZhouNanLu,HuaiHeDao,0.6086561732696693
QuanZhouNanLu,XinHuaDao,0.43430641920903235
QuanZhouNanLu,QinJianDao,0.48345945711659977
QuanZhouNanLu,NanKouLu,0.4556776552971686
