HuaiHeDao,HaiTaiFaZhan,2.5650891368475054e-05
HuaiHeDao,XinHuaDao,1.2905224034689242e-05
HuaiHeDao,JinGuLu,2.6437541308658295e-05
HuaiHeDao,HanBeiLu,1.1751986085648475e-05
HuaiHeDao,DiSiDaJie,4.092657771957109e-05
HuaiHeDao,YongMingLu,1.4162099389613516e-05
HuaiHeDao,HangTianLu,4.010427110487267e-05
HuaiHeDao,YueJinLu,6.4279745452208e-05
HuaiHeDao,DongHuanLu,9.344571738277235e-06
HuaiHeDao,JianSheLu,5.638249887235002e-05
HuaiHeDao,BaoBaiGongLu,9.99520230289461e-06
HuaiHeDao,HeXiYiJing,1.3481267778421883e-05
HuaiHeDao,GuangAnDao,9.54207578316587e-06
HuaiHeDao,BeiWeiErLu,3.3643979409884604e-05
HuaiHeDao,TuanBoWa,1.1697685028132933e-05
HuaiHeDao,TangGuYingKou,2.7990035547345146e-05
HuaiHeDao,QuanZhouNanLu,5.695085141522866e-05
HaiTaiFaZhan,HuaiHeDao,2.5650891368475054e-05
HaiTaiFaZhan,XinHuaDao,6.431281754453663e-05
HaiTaiFaZhan,JinGuLu,0.00026939655172413793
HaiTaiFaZhan,HanBeiLu,5.266206751277055e-05
HaiTaiFaZhan,DiSiDaJie,4.1737969030426976e-05
HaiTaiFaZhan,YongMingLu,3.502381619501261e-05
HaiTaiFaZhan,HangTianLu,0.0001656726308813784
HaiTaiFaZhan,YueJinLu,2.5223225546082833e-05
HaiTaiFaZhan,DongHuanLu,5.941805952501203e-06
HaiTaiFaZhan,JianSheLu,4.19621501405732e-05
HaiTaiFaZhan,BaoBaiGongLu,4.184275492698439e-05
HaiTaiFaZhan,HeXiYiJing,2.3040412884198886e-05
HaiTaiFaZhan,GuangAnDao,3.7821482602118e-05
HaiTaiFaZhan,BeiWeiErLu,0.00011457378551787351
HaiTaiFaZhan,TuanBoWa,4.871395167575994e-05
HaiTaiFaZhan,TangGuYingKou,0.00016784155756965425
HaiTaiFaZhan,QuanZhouNanLu,4.5400889857441204e-05
XinHuaDao,HuaiHeDao,1.2905224034689242e-05
XinHuaDao,HaiTaiFaZhan,6.431281754453663e-05
XinHuaDao,JinGuLu,6.5603883749918e-05
XinHuaDao,HanBeiLu,0.0005543237250554324
XinHuaDao,DiSiDaJie,1.4772794421792826e-05
XinHuaDao,YongMingLu,7.258474268708717e-05
XinHuaDao,HangTianLu,5.045154129458655e-05
XinHuaDao,YueJinLu,1.2859586178516776e-05
XinHuaDao,JianSheLu,1.887433467970254e-05
XinHuaDao,BaoBaiGongLu,0.00031625553447185326
XinHuaDao,HeXiYiJing,2.4291301285009838e-05
XinHuaDao,GuangAnDao,0.0002607561929595828
XinHuaDao,BeiWeiErLu,3.682291858452701e-05
XinHuaDao,TuanBoWa,0.0005704506560182544
XinHuaDao,TangGuYingKou,4.480487477037502e-05
XinHuaDao,QuanZhouNanLu,2.0134093059778122e-05
FuKangLu,JianCeZhongXin,0.08333333333333333
FuKangLu,XiangShanDao,5.961820501508341e-06
FuKangLu,QinJianDao,5.431417491336889e-06
JianCeZhongXin,FuKangLu,0.08333333333333333
JianCeZhongXin,XiangShanDao,5.950539118844167e-06
JianCeZhongXin,QinJianDao,5.42687824255975e-06
DaZhiGu,QianJinDao,3.279441183222379e-05
DaZhiGu,NanKouLu,1.5169902912621359e-05
XiangShanDao,FuKangLu,5.961820501508341e-06
XiangShanDao,JianCeZhongXin,5.950539118844167e-06
XiangShanDao,QinJianDao,3.5966048050640196e-05
QinJianDao,FuKangLu,5.431417491336889e-06
QinJianDao,JianCeZhongXin,5.42687824255975e-06
QinJianDao,XiangShanDao,3.5966048050640196e-05
QianJinDao,DaZhiGu,3.279441183222379e-05
QianJinDao,NanKouLu,1.0271264084470877e-05
NanKouLu,DaZhiGu,1.5169902912621359e-05
NanKouLu,QianJinDao,1.0271264084470877e-05
JinGuLu,HuaiHeDao,2.6437541308658295e-05
JinGuLu,HaiTaiFaZhan,0.00026939655172413793
JinGuLu,XinHuaDao,6.5603883749918e-05
JinGuLu,HanBeiLu,5.439216752787599e-05
JinGuLu,DiSiDaJie,3.28590674596655e-05
JinGuLu,YongMingLu,3.5151856017997754e-05
JinGuLu,HangTianLu,0.00014208581983518045
JinGuLu,YueJinLu,2.312673450508788e-05
JinGuLu,DongHuanLu,5.977464957111689e-06
JinGuLu,JianSheLu,4.244662337111083e-05
JinGuLu,BaoBaiGongLu,4.088808929958703e-05
JinGuLu,HeXiYiJing,2.4053494972819552e-05
JinGuLu,GuangAnDao,3.7687495289063086e-05
JinGuLu,BeiWeiErLu,0.00014714537963507945
JinGuLu,TuanBoWa,5.000500050005001e-05
JinGuLu,TangGuYingKou,9.310986964618249e-05
JinGuLu,QuanZhouNanLu,5.237247302817639e-05
HanBeiLu,HuaiHeDao,1.1751986085648475e-05
HanBeiLu,HaiTaiFaZhan,5.266206751277055e-05
HanBeiLu,XinHuaDao,0.0005543237250554324
HanBeiLu,JinGuLu,5.439216752787599e-05
HanBeiLu,DiSiDaJie,1.2940293485856258e-05
HanBeiLu,YongMingLu,4.786750275238141e-05
HanBeiLu,HangTianLu,3.8942326414580004e-05
HanBeiLu,YueJinLu,1.225835713497677e-05
HanBeiLu,JianSheLu,1.729924229318756e-05
HanBeiLu,BaoBaiGongLu,0.0003274394237066143
HanBeiLu,HeXiYiJing,2.5632481480532132e-05
HanBeiLu,GuangAnDao,0.00028843380444188056
HanBeiLu,BeiWeiErLu,2.9201343261790042e-05
HanBeiLu,TuanBoWa,0.0005189413596263622
HanBeiLu,TangGuYingKou,3.444356422002549e-05
HanBeiLu,QuanZhouNanLu,1.7741506253880954e-05
DiSiDaJie,HuaiHeDao,4.092657771957109e-05
DiSiDaJie,HaiTaiFaZhan,4.1737969030426976e-05
DiSiDaJie,XinHuaDao,1.4772794421792826e-05
DiSiDaJie,JinGuLu,3.28590674596655e-05
DiSiDaJie,HanBeiLu,1.2940293485856258e-05
DiSiDaJie,YongMingLu,1.4890923981833074e-05
DiSiDaJie,HangTianLu,4.210349037935245e-05
DiSiDaJie,YueJinLu,2.8192044205125312e-05
DiSiDaJie,DongHuanLu,6.189114585267432e-06
DiSiDaJie,JianSheLu,4.241601628775026e-05
DiSiDaJie,BaoBaiGongLu,1.1702476243973225e-05
DiSiDaJie,HeXiYiJing,1.0805787579827756e-05
DiSiDaJie,GuangAnDao,1.0974659511188666e-05
DiSiDaJie,BeiWeiErLu,4.878762745767673e-05
DiSiDaJie,TuanBoWa,1.317297432587304e-05
DiSiDaJie,TangGuYingKou,6.609822195782933e-05
DiSiDaJie,QuanZhouNanLu,6.0580359847337494e-05
YongMingLu,HuaiHeDao,1.4162099389613516e-05
YongMingLu,HaiTaiFaZhan,3.502381619501261e-05
YongMingLu,XinHuaDao,7.258474268708717e-05
YongMingLu,JinGuLu,3.5151856017997754e-05
YongMingLu,HanBeiLu,4.786750275238141e-05
YongMingLu,DiSiDaJie,1.4890923981833074e-05
YongMingLu,HangTianLu,4.5909466531998895e-05
YongMingLu,YueJinLu,1.1875920383829747e-05
YongMingLu,JianSheLu,1.9942963125461183e-05
YongMingLu,BaoBaiGongLu,4.5639176669252884e-05
YongMingLu,HeXiYiJing,1.6503284153546556e-05
YongMingLu,GuangAnDao,4.280455440458865e-05
YongMingLu,BeiWeiErLu,3.579610538373425e-05
YongMingLu,TuanBoWa,5.575379125780553e-05
YongMingLu,TangGuYingKou,3.804017041996348e-05
YongMingLu,QuanZhouNanLu,2.3591582523355668e-05
HangTianLu,HuaiHeDao,4.010427110487267e-05
HangTianLu,HaiTaiFaZhan,0.0001656726308813784
HangTianLu,XinHuaDao,5.045154129458655e-05
HangTianLu,JinGuLu,0.00014208581983518045
HangTianLu,HanBeiLu,3.8942326414580004e-05
HangTianLu,DiSiDaJie,4.210349037935245e-05
HangTianLu,YongMingLu,4.5909466531998895e-05
HangTianLu,YueJinLu,3.5398230088495574e-05
HangTianLu,DongHuanLu,7.463744859345728e-06
HangTianLu,JianSheLu,6.68493883280968e-05
HangTianLu,BaoBaiGongLu,3.358522250209908e-05
HangTianLu,HeXiYiJing,2.817536346218866e-05
HangTianLu,GuangAnDao,3.044881554107545e-05
HangTianLu,BeiWeiErLu,0.00018135654697134566
HangTianLu,TuanBoWa,4.1162426936692186e-05
HangTianLu,TangGuYingKou,0.00011978917105893628
HangTianLu,QuanZhouNanLu,7.907638779060572e-05
YueJinLu,HuaiHeDao,6.4279745452208e-05
YueJinLu,HaiTaiFaZhan,2.5223225546082833e-05
YueJinLu,XinHuaDao,1.2859586178516776e-05
YueJinLu,JinGuLu,2.312673450508788e-05
YueJinLu,HanBeiLu,1.225835713497677e-05
YueJinLu,DiSiDaJie,2.8192044205125312e-05
YueJinLu,YongMingLu,1.1875920383829747e-05
YueJinLu,HangTianLu,3.5398230088495574e-05
YueJinLu,DongHuanLu,1.4542704652211219e-05
YueJinLu,JianSheLu,4.3314419370208345e-05
YueJinLu,BaoBaiGongLu,1.0715931375175473e-05
YueJinLu,HeXiYiJing,2.2078954340722422e-05
YueJinLu,GuangAnDao,1.0210749877471001e-05
YueJinLu,BeiWeiErLu,2.539747041194697e-05
YueJinLu,TuanBoWa,1.2386662042312837e-05
YueJinLu,TangGuYingKou,2.3063794455463813e-05
YueJinLu,QuanZhouNanLu,3.320935175345377e-05
DongHuanLu,HuaiHeDao,9.344571738277235e-06
DongHuanLu,HaiTaiFaZhan,5.941805952501203e-06
DongHuanLu,JinGuLu,5.977464957111689e-06
DongHuanLu,DiSiDaJie,6.189114585267432e-06
DongHuanLu,HangTianLu,7.463744859345728e-06
DongHuanLu,YueJinLu,1.4542704652211219e-05
DongHuanLu,JianSheLu,9.401854045617796e-06
DongHuanLu,HeXiYiJing,1.0471752447772135e-05
DongHuanLu,BeiWeiErLu,6.5514914470279155e-06
DongHuanLu,TangGuYingKou,5.520805154223692e-06
DongHuanLu,QuanZhouNanLu,7.490243957245688e-06
JianSheLu,HuaiHeDao,5.638249887235002e-05
JianSheLu,HaiTaiFaZhan,4.19621501405732e-05
JianSheLu,XinHuaDao,1.887433467970254e-05
JianSheLu,JinGuLu,4.244662337111083e-05
JianSheLu,HanBeiLu,1.729924229318756e-05
JianSheLu,DiSiDaJie,4.241601628775026e-05
JianSheLu,YongMingLu,1.9942963125461183e-05
JianSheLu,HangTianLu,6.68493883280968e-05
JianSheLu,YueJinLu,4.3314419370208345e-05
JianSheLu,DongHuanLu,9.401854045617796e-06
JianSheLu,BaoBaiGongLu,1.4676098505973172e-05
JianSheLu,HeXiYiJing,1.8722033961769606e-05
JianSheLu,GuangAnDao,1.3785307619139521e-05
JianSheLu,BeiWeiErLu,6.869547296833139e-05
JianSheLu,TuanBoWa,1.711068904744794e-05
JianSheLu,TangGuYingKou,4.312017593031779e-05
JianSheLu,QuanZhouNanLu,0.00011816140848398913
BaoBaiGongLu,HuaiHeDao,9.99520230289461e-06
BaoBaiGongLu,HaiTaiFaZhan,4.184275492698439e-05
BaoBaiGongLu,XinHuaDao,0.00031625553447185326
BaoBaiGongLu,JinGuLu,4.088808929958703e-05
BaoBaiGongLu,HanBeiLu,0.0003274394237066143
BaoBaiGongLu,DiSiDaJie,1.1702476243973225e-05
BaoBaiGongLu,YongMingLu,4.5639176669252884e-05
BaoBaiGongLu,HangTianLu,3.358522250209908e-05
BaoBaiGongLu,YueJinLu,1.0715931375175473e-05
BaoBaiGongLu,JianSheLu,1.4676098505973172e-05
BaoBaiGongLu,HeXiYiJing,2.4740839704099558e-05
BaoBaiGongLu,GuangAnDao,0.0028328611898017
BaoBaiGongLu,BeiWeiErLu,2.6081740173704388e-05
BaoBaiGongLu,TuanBoWa,0.0006079027355623101
BaoBaiGongLu,TangGuYingKou,2.9903411979306838e-05
BaoBaiGongLu,QuanZhouNanLu,1.503149097358967e-05
HeXiYiJing,HuaiHeDao,1.3481267778421883e-05
HeXiYiJing,HaiTaiFaZhan,2.3040412884198886e-05
HeXiYiJing,XinHuaDao,2.4291301285009838e-05
HeXiYiJing,JinGuLu,2.4053494972819552e-05
HeXiYiJing,HanBeiLu,2.5632481480532132e-05
HeXiYiJing,DiSiDaJie,1.0805787579827756e-05
HeXiYiJing,YongMingLu,1.6503284153546556e-05
HeXiYiJing,HangTianLu,2.817536346218866e-05
HeXiYiJing,YueJinLu,2.2078954340722422e-05
HeXiYiJing,DongHuanLu,1.0471752447772135e-05
HeXiYiJing,JianSheLu,1.8722033961769606e-05
HeXiYiJing,BaoBaiGongLu,2.4740839704099558e-05
HeXiYiJing,GuangAnDao,2.3718039941179262e-05
HeXiYiJing,BeiWeiErLu,1.8772996921228504e-05
HeXiYiJing,TuanBoWa,2.8656579550664832e-05
HeXiYiJing,TangGuYingKou,1.5958635217516196e-05
HeXiYiJing,QuanZhouNanLu,1.6108766390669804e-05
GuangAnDao,HuaiHeDao,9.54207578316587e-06
GuangAnDao,HaiTaiFaZhan,3.7821482602118e-05
GuangAnDao,XinHuaDao,0.0002607561929595828
GuangAnDao,JinGuLu,3.7687495289063086e-05
GuangAnDao,HanBeiLu,0.00028843380444188056
GuangAnDao,DiSiDaJie,1.0974659511188666e-05
GuangAnDao,YongMingLu,4.280455440458865e-05
GuangAnDao,HangTianLu,3.044881554107545e-05
GuangAnDao,YueJinLu,1.0210749877471001e-05
GuangAnDao,JianSheLu,1.3785307619139521e-05
GuangAnDao,BaoBaiGongLu,0.0028328611898017
GuangAnDao,HeXiYiJing,2.3718039941179262e-05
GuangAnDao,BeiWeiErLu,2.4149922720247295e-05
GuangAnDao,TuanBoWa,0.0003968253968253968
GuangAnDao,TangGuYingKou,2.676229727559814e-05
GuangAnDao,QuanZhouNanLu,1.410636196924813e-05
BeiWeiErLu,HuaiHeDao,3.3643979409884604e-05
BeiWeiErLu,HaiTaiFaZhan,0.00011457378551787351
BeiWeiErLu,XinHuaDao,3.682291858452701e-05
BeiWeiErLu,JinGuLu,0.00014714537963507945
BeiWeiErLu,HanBeiLu,2.9201343261790042e-05
BeiWeiErLu,DiSiDaJie,4.878762745767673e-05
BeiWeiErLu,YongMingLu,3.579610538373425e-05
BeiWeiErLu,HangTianLu,0.00018135654697134566
BeiWeiErLu,YueJinLu,2.539747041194697e-05
BeiWeiErLu,DongHuanLu,6.5514914470279155e-06
BeiWeiErLu,JianSheLu,6.869547296833139e-05
BeiWeiErLu,BaoBaiGongLu,2.6081740173704388e-05
BeiWeiErLu,HeXiYiJing,1.8772996921228504e-05
BeiWeiErLu,GuangAnDao,2.4149922720247295e-05
BeiWeiErLu,TuanBoWa,2.9907883718148105e-05
BeiWeiErLu,TangGuYingKou,0.00011228385358185493
BeiWeiErLu,QuanZhouNanLu,9.565716472163765e-05
TuanBoWa,HuaiHeDao,1.1697685028132933e-05
TuanBoWa,HaiTaiFaZhan,4.871395167575994e-05
TuanBoWa,XinHuaDao,0.0005704506560182544
TuanBoWa,JinGuLu,5.000500050005001e-05
TuanBoWa,HanBeiLu,0.0005189413596263622
TuanBoWa,DiSiDaJie,1.317297432587304e-05
TuanBoWa,YongMingLu,5.575379125780553e-05
TuanBoWa,HangTianLu,4.1162426936692186e-05
TuanBoWa,YueJinLu,1.2386662042312837e-05
TuanBoWa,JianSheLu,1.711068904744794e-05
TuanBoWa,BaoBaiGongLu,0.0006079027355623101
TuanBoWa,HeXiYiJing,2.8656579550664832e-05
TuanBoWa,GuangAnDao,0.0003968253968253968
TuanBoWa,BeiWeiErLu,2.9907883718148105e-05
TuanBoWa,TangGuYingKou,3.580635920939559e-05
TuanBoWa,QuanZhouNanLu,1.7956545160711078e-05
TangGuYingKou,HuaiHeDao,2.7990035547345146e-05
TangGuYingKou,HaiTaiFaZhan,0.00016784155756965425
TangGuYingKou,XinHuaDao,4.480487477037502e-05
TangGuYingKou,JinGuLu,9.310986964618249e-05
TangGuYingKou,HanBeiLu,3.444356422002549e-05
TangGuYingKou,DiSiDaJie,6.609822195782933e-05
TangGuYingKou,YongMingLu,3.804017041996348e-05
TangGuYingKou,HangTianLu,0.00011978917105893628
TangGuYingKou,YueJinLu,2.3063794455463813e-05
TangGuYingKou,DongHuanLu,5.520805154223692e-06
TangGuYingKou,JianSheLu,4.312017593031779e-05
TangGuYingKou,BaoBaiGongLu,2.9903411979306838e-05
TangGuYingKou,HeXiYiJing,1.5958635217516196e-05
TangGuYingKou,GuangAnDao,2.676229727559814e-05
TangGuYingKou,BeiWeiErLu,0.00011228385358185493
TangGuYingKou,TuanBoWa,3.580635920939559e-05
TangGuYingKou,QuanZhouNanLu,5.5181547290586025e-05
QuanZhouNanLu,HuaiHeDao,5.695085141522866e-05
QuanZhouNanLu,HaiTaiFaZhan,4.5400889857441204e-05
QuanZhouNanLu,XinHuaDao,2.0134093059778122e-05
QuanZhouNanLu,JinGuLu,5.237247302817639e-05
QuanZhouNanLu,HanBeiLu,1.7741506253880954e-05
QuanZhouNanLu,DiSiDaJie,6.0580359847337494e-05
QuanZhouNanLu,YongMingLu,2.3591582523355668e-05
QuanZhouNanLu,HangTianLu,7.907638779060572e-05
QuanZhouNanLu,YueJinLu,3.320935175345377e-05
QuanZhouNanLu,DongHuanLu,7.490243957245688e-06
QuanZhouNanLu,JianSheLu,0.00011816140848398913
QuanZhouNanLu,BaoBaiGongLu,1.503149097358967e-05
QuanZhouNanLu,HeXiYiJing,1.6108766390669804e-05
QuanZhouNanLu,GuangAnDao,1.410636196924813e-05
QuanZhouNanLu,BeiWeiErLu,9.565716472163765e-05
QuanZhouNanLu,TuanBoWa,1.7956545160711078e-05
QuanZhouNanLu,TangGuYingKou,5.5181547290586025e-05
